<?xml version="1.0"?>
<?xml-stylesheet type="text/xsl" href="configuration.xsl"?>

<!-- Put site-specific property overrides in this file. -->

<configuration>
    <property>
        <name>hbox.staging.dir</name>
        <value>/tmp/hbox/staging</value>
    </property>
    <property>
        <name>hbox.cleanup.enable</name>
        <value>true</value>
    </property>
    <property>
        <name>hbox.execute.node.limit</name>
        <value>200</value>
    </property>
    <property>
        <name>hbox.log.pull.interval</name>
        <value>1000</value>
    </property>
    <property>
        <name>hbox.driver.memory</name>
        <value>2048</value>
    </property>
    <property>
        <name>hbox.driver.cores</name>
        <value>1</value>
    </property>
    <property>
        <name>hbox.worker.memory</name>
        <value>1024</value>
    </property>
    <property>
        <name>hbox.worker.cores</name>
        <value>1</value>
    </property>
    <property>
        <name>hbox.worker.gpus</name>
        <value>0</value>
    </property>
    <property>
        <name>hbox.worker.num</name>
        <value>1</value>
    </property>
    <property>
        <name>hbox.ps.memory</name>
        <value>1024</value>
    </property>
    <property>
        <name>hbox.ps.cores</name>
        <value>1</value>
    </property>
    <property>
        <name>hbox.ps.gpus</name>
        <value>0</value>
    </property>
    <property>
        <name>hbox.ps.num</name>
        <value>0</value>
    </property>
    <property>
        <name>hbox.app.queue</name>
        <value>DEFAULT</value>
    </property>
    <property>
        <name>hbox.app.priority</name>
        <value>3</value>
    </property>
    <property>
        <name>hbox.container.extra.java.opts</name>
        <value></value>
    </property>
    <property>
        <name>hbox.allocate.interval</name>
        <value>1000</value>
    </property>
    <property>
        <name>hbox.status.update.interval</name>
        <value>1000</value>
    </property>
    <property>
        <name>hbox.task.timeout</name>
        <value>300000</value>
    </property>
    <property>
        <name>hbox.task.timeout.check.interval</name>
        <value>3000</value>
    </property>
    <property>
        <name>hbox.messages.len.max</name>
        <value>10000</value>
    </property>
    <property>
        <name>hbox.inputfile.rename</name>
        <value>false</value>
    </property>
    <property>
        <name>hbox.download.file.retry</name>
        <value>3</value>
    </property>
    <property>
        <name>hbox.download.file.thread.nums</name>
        <value>10</value>
    </property>
    <property>
        <name>hbox.container.heartbeat.interval</name>
        <value>10000</value>
    </property>
    <property>
        <name>hbox.container.heartbeat.retry</name>
        <value>3</value>
    </property>
    <property>
        <name>hbox.container.update.appstatus.interval</name>
        <value>3000</value>
    </property>
    <property>
        <name>hbox.container.auto.create.output.dir</name>
        <value>true</value>
    </property>
    <property>
        <name>hbox.container.maxFailures.rate</name>
        <value>0.5</value>
    </property>
    <property>
        <name>hbox.tf.board.history.dir</name>
        <value>/tmp/hbox/eventLog</value>
    </property>
    <property>
        <name>hbox.history.log.dir</name>
        <value>/tmp/hbox/history</value>
    </property>
    <property>
        <name>hbox.history.log.max-age-ms</name>
        <value>604800000</value>
    </property>
    <property>
        <name>hbox.history.log.delete-monitor-time-interval</name>
        <value>86400000</value>
    </property>
    <property>
        <name>hbox.history.address</name>
        <value>0.0.0.0:10021</value>
    </property>
    <property>
        <name>hbox.history.port</name>
        <value>10021</value>
    </property>
    <property>
        <name>hbox.history.webapp.address</name>
        <value>0.0.0.0:19666</value>
    </property>
    <property>
        <name>hbox.history.webapp.port</name>
        <value>19666</value>
    </property>
    <property>
        <name>hbox.history.webapp.https.addresss</name>
        <value>0.0.0.0:19667</value>
    </property>
    <property>
        <name>hbox.history.webapp.https.port</name>
        <value>19667</value>
    </property>
    <property>
        <name>hbox.history.client.thread-count</name>
        <value>10</value>
    </property>
    <property>
        <name>hbox.history.admin.address</name>
        <value>0.0.0.0:10043</value>
    </property>
    <property>
        <name>hbox.history.admin.port</name>
        <value>10043</value>
    </property>
    <property>
        <name>hbox.history.recovery.enable</name>
        <value>false</value>
    </property>
</configuration>
